{
	"1": {
	"envelope": [7.366906992128608, 51.142942513921405, 7.367061725759587, 51.1429748939388],
	"tile": [0, 0]},
	"2": {
	"envelope": [7.3670627916934786, 51.14294468967878, 7.367156998741603, 51.142970984245316],
	"tile": [0, 0]},
	"26": {
	"envelope": [7.366851167328222, 51.14277086625297, 7.3670627916934786, 51.14294468967878],
	"tile": [0, 0]},
	"27": {
	"envelope": [7.367068818765248, 51.14277390582864, 7.367334289260261, 51.14294848067457],
	"tile": [0, 0]},
	"28": {
	"envelope": [7.367340315331034, 51.14277769680145, 7.367607797238259, 51.142895286692585],
	"tile": [0, 0]},
	"29": {
	"envelope": [7.3676118119557605, 51.142781487144276, 7.367691688693948, 51.142808714568254],
	"tile": [0, 0]},
	"51": {
	"envelope": [7.3669166373895285, 51.14267258070469, 7.367068818765248, 51.14277390582864],
	"tile": [0, 0]},
	"52": {
	"envelope": [7.367074845778063, 51.14260312197299, 7.367340315331034, 51.14277769680145],
	"tile": [0, 0]},
	"53": {
	"envelope": [7.367346341342863, 51.142606912922815, 7.3676118119557605, 51.142781487144276],
	"tile": [0, 0]},
	"54": {
	"envelope": [7.3676178369666045, 51.14261070324266, 7.3678833086394215, 51.14278527685711],
	"tile": [0, 0]},
	"55": {
	"envelope": [7.367889332649278, 51.14261449293252, 7.368156977843, 51.14272746544945],
	"tile": [0, 0]},
	"56": {
	"envelope": [7.368160828390873, 51.142618281992405, 7.368226648266302, 51.14264069754158],
	"tile": [0, 0]},
	"77": {
	"envelope": [7.367191764158359, 51.14247871626609, 7.367346341342863, 51.142606912922815],
	"tile": [0, 0]},
	"78": {
	"envelope": [7.3673523672957515, 51.14243612903865, 7.3676178369666045, 51.14261070324266],
	"tile": [0, 0]},
	"79": {
	"envelope": [7.367623861918515, 51.142439919335516, 7.367889332649278, 51.14261449293252],
	"tile": [0, 0]},
	"80": {
	"envelope": [7.367895356600211, 51.14244370900241, 7.368160828390873, 51.142618281992405],
	"tile": [0, 0]},
	"81": {
	"envelope": [7.368166851340827, 51.142447498039324, 7.36843232419138, 51.14262207042231],
	"tile": [0, 0]},
	"83": {
	"envelope": [7.368709840998788, 51.14245507422323, 7.368762014568484, 51.14247284214956],
	"tile": [0, 0]},
	"103": {
	"envelope": [7.367408308018719, 51.14226604204828, 7.367623861918515, 51.142439919335516],
	"tile": [0, 0]},
	"104": {
	"envelope": [7.367629886811495, 51.14226913542284, 7.367895356600211, 51.14244370900241],
	"tile": [0, 0]},
	"82": {
	"envelope": [7.368438346140356, 51.14245128644627, 7.3687061515569825, 51.14255972532194],
	"tile": [0, 0]},
	"105": {
	"envelope": [7.367901380492222, 51.14227292506677, 7.368166851340827, 51.142447498039324],
	"tile": [0, 0]},
	"106": {
	"envelope": [7.36817287423187, 51.142276714080715, 7.368438346140356, 51.14245128644627],
	"tile": [0, 0]},
	"107": {
	"envelope": [7.368444368030431, 51.14228050246469, 7.368709840998788, 51.14245507422323],
	"tile": [0, 0]},
	"108": {
	"envelope": [7.368715861887892, 51.14228429021869, 7.368981335916112, 51.14245886137022],
	"tile": [0, 0]},
	"109": {
	"envelope": [7.3689873558042445, 51.14228807734272, 7.3692553185983085, 51.14239206020698],
	"tile": [0, 0]},
	"110": {
	"envelope": [7.369258849779478, 51.14229186383678, 7.369297377028494, 51.14230498426645],
	"tile": [0, 0]},
	"128": {
	"envelope": [7.367607357243534, 51.1422489442502, 7.367629886811495, 51.14226913542284],
	"tile": [0, 0]},
	"129": {
	"envelope": [7.367635911645544, 51.14209835150466, 7.367901380492222, 51.14227292506677],
	"tile": [0, 0]},
	"130": {
	"envelope": [7.367907404325313, 51.142102141125605, 7.36817287423187, 51.142276714080715],
	"tile": [0, 0]},
	"131": {
	"envelope": [7.368178897064002, 51.14210593011658, 7.368444368030431, 51.14228050246469],
	"tile": [0, 0]},
	"132": {
	"envelope": [7.368450389861603, 51.14210971847759, 7.368715861887892, 51.14228429021869],
	"tile": [0, 0]},
	"133": {
	"envelope": [7.368721882718102, 51.14211350620863, 7.3689873558042445, 51.14228807734272],
	"tile": [0, 0]},
	"134": {
	"envelope": [7.368993375633495, 51.14211729330971, 7.369258849779478, 51.14229186383678],
	"tile": [0, 0]},
	"158": {
	"envelope": [7.3687279034894235, 51.14194272219304, 7.368993375633495, 51.14211729330971],
	"tile": [0, 0]},
	"160": {
	"envelope": [7.369270887377184, 51.14195029571931, 7.369536361640912, 51.142124865621945],
	"tile": [0, 0]},
	"161": {
	"envelope": [7.369542379409376, 51.14195408153749, 7.369807854732917, 51.14212865083311],
	"tile": [0, 0]},
	"135": {
	"envelope": [7.369264868607767, 51.142121079780814, 7.369530343813585, 51.14229564970086],
	"tile": [0, 0]},
	"162": {
	"envelope": [7.369813871500428, 51.14195786672571, 7.370079347883774, 51.142132435414304],
	"tile": [0, 0]},
	"163": {
	"envelope": [7.370085363650331, 51.141961651283964, 7.370353640876462, 51.14205672211748],
	"tile": [0, 0]},
	"180": {
	"envelope": [7.368140846353783, 51.141919905393884, 7.368184919837224, 51.14193514614692],
	"tile": [0, 0]},
	"181": {
	"envelope": [7.368188574263108, 51.14183151908728, 7.368456411633873, 51.14193893448496],
	"tile": [0, 0]},
	"182": {
	"envelope": [7.368462433347245, 51.14176815048682, 7.3687279034894235, 51.14194272219304],
	"tile": [0, 0]},
	"183": {
	"envelope": [7.368733924201854, 51.14177193817194, 7.368999395403864, 51.14194650927116],
	"tile": [0, 0]},
	"184": {
	"envelope": [7.369005415115353, 51.1417757252271, 7.369270887377184, 51.14195029571931],
	"tile": [0, 0]},
	"185": {
	"envelope": [7.36927690608773, 51.141779511652295, 7.369542379409376, 51.14195408153749],
	"tile": [0, 0]},
	"186": {
	"envelope": [7.369548397118978, 51.14178329744753, 7.369813871500428, 51.14195786672571],
	"tile": [0, 0]},
	"187": {
	"envelope": [7.369819888209086, 51.1417870826128, 7.370085363650331, 51.141961651283964],
	"tile": [0, 0]},
	"188": {
	"envelope": [7.370091379358045, 51.14179086714811, 7.3703568558590735, 51.14196543521225],
	"tile": [0, 0]},
	"189": {
	"envelope": [7.370362870565843, 51.14179465105346, 7.370628348126649, 51.14196921851057],
	"tile": [0, 0]},
	"190": {
	"envelope": [7.3706343618324714, 51.14179843432885, 7.3708749723844225, 51.14188435370057],
	"tile": [0, 0]},
	"207": {
	"envelope": [7.3686680434466725, 51.141749156708556, 7.368733924201854, 51.14177193817194],
	"tile": [0, 0]},
	"164": {
	"envelope": [7.3703568558590735, 51.14196543521225, 7.370367790411769, 51.141969256846195],
	"tile": [0, 0]},
	"209": {
	"envelope": [7.3690114347679625, 51.141604941177505, 7.36927690608773, 51.141779511652295],
	"tile": [0, 0]},
	"136": {
	"envelope": [7.369536361640912, 51.142124865621945, 7.369804481704808, 51.142224392472215],
	"tile": [0, 0]},
	"210": {
	"envelope": [7.369282924739408, 51.141608727579744, 7.369548397118978, 51.14178329744753],
	"tile": [0, 0]},
	"211": {
	"envelope": [7.3695544147697225, 51.14161251335203, 7.369819888209086, 51.1417870826128],
	"tile": [0, 0]},
	"212": {
	"envelope": [7.369825904858896, 51.141616298494355, 7.370091379358045, 51.14179086714811],
	"tile": [0, 0]},
	"213": {
	"envelope": [7.37009739500692, 51.14162008300673, 7.370362870565843, 51.14179465105346],
	"tile": [0, 0]},
	"214": {
	"envelope": [7.370368885213781, 51.141623866889134, 7.3706343618324714, 51.14179843432885],
	"tile": [0, 0]},
	"215": {
	"envelope": [7.370640375479475, 51.14162765014159, 7.370905853157923, 51.14180221697427],
	"tile": [0, 0]},
	"216": {
	"envelope": [7.370911865803989, 51.14163143276407, 7.371177678266242, 51.141796518299834],
	"tile": [0, 0]},
	"217": {
	"envelope": [7.371183356187312, 51.1416352147566, 7.3713853937015985, 51.14170735917057],
	"tile": [0, 0]},
	"234": {
	"envelope": [7.369195236688647, 51.141578405606246, 7.369282924739408, 51.141608727579744],
	"tile": [0, 0]},
	"235": {
	"envelope": [7.36928708646876, 51.141490634188585, 7.3695544147697225, 51.14161251335203],
	"tile": [0, 0]},
	"236": {
	"envelope": [7.369560432361607, 51.14144172925101, 7.369825904858896, 51.141616298494355],
	"tile": [0, 0]},
	"237": {
	"envelope": [7.369831921449857, 51.14144551437038, 7.37009739500692, 51.14162008300673],
	"tile": [0, 0]},