{
	"DN_12": {
	"envelope": [7.369860150329188, 51.14138439542184, 7.37181639892716, 51.14220191476959],
	"tile": [0, 0]},
	"DN_17": {
	"envelope": [7.369920577080954, 51.14197468557743, 7.370043137404057, 51.14201915781276],
	"tile": [0, 0]},
	"DN_9": {
	"envelope": [7.36975875124391, 51.14135929611727, 7.371874810057408, 51.142487223185974],
	"tile": [0, 0]},
	"DN_0": {
	"envelope": [7.369033402408928, 51.14111336078096, 7.372495007157446, 51.142369414472434],
	"tile": [0, 0]},
	"DN_10": {
	"envelope": [7.3697917388119, 51.14138333806815, 7.371810840205726, 51.14235989021971],
	"tile": [0, 0]},
	"DN_14": {
	"envelope": [7.369859323628249, 51.14140786232362, 7.371682901536968, 51.14210522418374],
	"tile": [0, 0]},
	"DN_2": {
	"envelope": [7.368582348554192, 51.14089483015144, 7.373101870767332, 51.142630743752036],
	"tile": [0, 0]},
	"DN_5": {
	"envelope": [7.3666247853972004, 51.14129197970809, 7.3733555464969545, 51.14320326292311],
	"tile": [0, 0]},
	"DN_16": {
	"envelope": [7.369908641276529, 51.14195093713514, 7.370110440621863, 51.14205170651214],
	"tile": [0, 0]},
	"DN_7": {
	"envelope": [7.369724433134621, 51.141350892772884, 7.372534531057594, 51.14319183924762],
	"tile": [0, 0]},
	"DN_15": {
	"envelope": [7.369841055646742, 51.14192641290296, 7.37017774393472, 51.142084255173465],
	"tile": [0, 0]},
	"DN_13": {
	"envelope": [7.369849627984295, 51.14138414510165, 7.37174909427076, 51.14216936704011],
	"tile": [0, 0]},
	"DN_1": {
	"envelope": [7.368913142773096, 51.141064519242256, 7.372698035026378, 51.14243546117463],
	"tile": [0, 0]},
	"DN_4": {
	"envelope": [7.366643088997152, 51.14077342990236, 7.3733555464969545, 51.14320326292311],
	"tile": [0, 0]},
	"DN_11": {
	"envelope": [7.3697925691954955, 51.14135976758677, 7.371814175444622, 51.142265104950205],
	"tile": [0, 0]},
	"DN_8": {
	"envelope": [7.369721093725058, 51.14144567795884, 7.371932110185282, 51.14280412665537],
	"tile": [0, 0]},
	"DN_6": {
	"envelope": [7.369451324150877, 51.14133142764626, 7.3733555464969545, 51.14320326292311],
	"tile": [0, 0]},
	"DN_3": {
	"envelope": [7.368101310653809, 51.140793789628574, 7.373366653679102, 51.142887311821625],
	"tile": [0, 0]}
}
