{
	"DN_2": {
	"envelope": [7.367502551559514, 51.14078543194157, 7.37335554649694, 51.14320326292311],
	"tile": [0, 0]},
	"DN_7": {
	"envelope": [7.369807429863035, 51.14136970704006, 7.371786751334543, 51.14224165592496],
	"tile": [0, 0]},
	"DN_10": {
	"envelope": [7.369891651013501, 51.14195107460466, 7.370109505042681, 51.14204742177215],
	"tile": [0, 0]},
	"DN_8": {
	"envelope": [7.369834249221505, 51.14137943888849, 7.371762606732063, 51.14215588575675],
	"tile": [0, 0]},
	"DN_6": {
	"envelope": [7.369780610515944, 51.14135997518557, 7.371837444543925, 51.142344882537444],
	"tile": [0, 0]},
	"DN_9": {
	"envelope": [7.369861190492682, 51.14140788834895, 7.371682961635679, 51.14210351634119],
	"tile": [0, 0]},
	"DN_1": {
	"envelope": [7.368443076658369, 51.14083599058811, 7.373318658267106, 51.14270723287232],
	"tile": [0, 0]},
	"DN_0": {
	"envelope": [7.368841281123497, 51.141038063182016, 7.372729173003641, 51.14247690279694],
	"tile": [0, 0]},
	"DN_5": {
	"envelope": [7.369753791180223, 51.1413502433251, 7.371882128755893, 51.14261889339728],
	"tile": [0, 0]},
	"DN_4": {
	"envelope": [7.369726935974046, 51.141341529926606, 7.372513897078591, 51.143191552070455],
	"tile": [0, 0]},
	"DN_3": {
	"envelope": [7.36662460050958, 51.14129721758467, 7.37335554649694, 51.14320326292311],
	"tile": [0, 0]}
}
